item,brand,category,time_of_delivery_days,price,size,color,style,current_day,image
StormShield Ski Jacket,NorthPeak,Jacket,4,279.99,XS,red,Insulated,2026-02-07,
StormShield Ski Jacket,NorthPeak,Jacket,4,279.99,XS,red,Shell,2026-02-07,
StormShield Ski Jacket,NorthPeak,Jacket,4,279.99,S,red,Insulated,2026-02-07,
StormShield Ski Jacket,NorthPeak,Jacket,4,279.99,S,red,Shell,2026-02-07,
StormShield Ski Jacket,NorthPeak,Jacket,4,279.99,M,red,Insulated,2026-02-07,
StormShield Ski Jacket,NorthPeak,Jacket,4,279.99,M,red,Shell,2026-02-07,
StormShield Ski Jacket,NorthPeak,Jacket,4,279.99,L,red,Insulated,2026-02-07,
StormShield Ski Jacket,NorthPeak,Jacket,4,279.99,L,red,Shell,2026-02-07,
StormShield Ski Jacket,NorthPeak,Jacket,4,279.99,XL,red,Insulated,2026-02-07,
StormShield Ski Jacket,NorthPeak,Jacket,4,279.99,XL,red,Shell,2026-02-07,
StormShield Ski Jacket,NorthPeak,Jacket,4,279.99,XS,black,Insulated,2026-02-07,
StormShield Ski Jacket,NorthPeak,Jacket,4,279.99,XS,black,Shell,2026-02-07,
StormShield Ski Jacket,NorthPeak,Jacket,4,279.99,S,black,Insulated,2026-02-07,
StormShield Ski Jacket,NorthPeak,Jacket,4,279.99,S,black,Shell,2026-02-07,
StormShield Ski Jacket,NorthPeak,Jacket,4,279.99,M,black,Insulated,2026-02-07,
StormShield Ski Jacket,NorthPeak,Jacket,4,279.99,M,black,Shell,2026-02-07,
StormShield Ski Jacket,NorthPeak,Jacket,4,279.99,L,black,Insulated,2026-02-07,
StormShield Ski Jacket,NorthPeak,Jacket,4,279.99,L,black,Shell,2026-02-07,
StormShield Ski Jacket,NorthPeak,Jacket,4,279.99,XL,black,Insulated,2026-02-07,
StormShield Ski Jacket,NorthPeak,Jacket,4,279.99,XL,black,Shell,2026-02-07,
StormShield Ski Jacket,NorthPeak,Jacket,4,279.99,XS,yellow,Insulated,2026-02-07,
StormShield Ski Jacket,NorthPeak,Jacket,4,279.99,XS,yellow,Shell,2026-02-07,
StormShield Ski Jacket,NorthPeak,Jacket,4,279.99,S,yellow,Insulated,2026-02-07,
StormShield Ski Jacket,NorthPeak,Jacket,4,279.99,S,yellow,Shell,2026-02-07,
StormShield Ski Jacket,NorthPeak,Jacket,4,279.99,M,yellow,Insulated,2026-02-07,
StormShield Ski Jacket,NorthPeak,Jacket,4,279.99,M,yellow,Shell,2026-02-07,
StormShield Ski Jacket,NorthPeak,Jacket,4,279.99,L,yellow,Insulated,2026-02-07,
StormShield Ski Jacket,NorthPeak,Jacket,4,279.99,L,yellow,Shell,2026-02-07,
StormShield Ski Jacket,NorthPeak,Jacket,4,279.99,XL,yellow,Insulated,2026-02-07,
StormShield Ski Jacket,NorthPeak,Jacket,4,279.99,XL,yellow,Shell,2026-02-07,
AuroraShell Ski Jacket,RidgeWorks,Jacket,5,259.99,XS,blue,Shell,2026-02-07,
AuroraShell Ski Jacket,RidgeWorks,Jacket,5,259.99,XS,blue,Insulated,2026-02-07,
AuroraShell Ski Jacket,RidgeWorks,Jacket,5,259.99,S,blue,Shell,2026-02-07,
AuroraShell Ski Jacket,RidgeWorks,Jacket,5,259.99,S,blue,Insulated,2026-02-07,
AuroraShell Ski Jacket,RidgeWorks,Jacket,5,259.99,M,blue,Shell,2026-02-07,
AuroraShell Ski Jacket,RidgeWorks,Jacket,5,259.99,M,blue,Insulated,2026-02-07,
AuroraShell Ski Jacket,RidgeWorks,Jacket,5,259.99,L,blue,Shell,2026-02-07,
AuroraShell Ski Jacket,RidgeWorks,Jacket,5,259.99,L,blue,Insulated,2026-02-07,
AuroraShell Ski Jacket,RidgeWorks,Jacket,5,259.99,XL,blue,Shell,2026-02-07,
AuroraShell Ski Jacket,RidgeWorks,Jacket,5,259.99,XL,blue,Insulated,2026-02-07,
AuroraShell Ski Jacket,RidgeWorks,Jacket,5,259.99,XS,red,Shell,2026-02-07,
AuroraShell Ski Jacket,RidgeWorks,Jacket,5,259.99,XS,red,Insulated,2026-02-07,
AuroraShell Ski Jacket,RidgeWorks,Jacket,5,259.99,S,red,Shell,2026-02-07,
AuroraShell Ski Jacket,RidgeWorks,Jacket,5,259.99,S,red,Insulated,2026-02-07,
AuroraShell Ski Jacket,RidgeWorks,Jacket,5,259.99,M,red,Shell,2026-02-07,
AuroraShell Ski Jacket,RidgeWorks,Jacket,5,259.99,M,red,Insulated,2026-02-07,
AuroraShell Ski Jacket,RidgeWorks,Jacket,5,259.99,L,red,Shell,2026-02-07,
AuroraShell Ski Jacket,RidgeWorks,Jacket,5,259.99,L,red,Insulated,2026-02-07,
AuroraShell Ski Jacket,RidgeWorks,Jacket,5,259.99,XL,red,Shell,2026-02-07,
AuroraShell Ski Jacket,RidgeWorks,Jacket,5,259.99,XL,red,Insulated,2026-02-07,
AuroraShell Ski Jacket,RidgeWorks,Jacket,5,259.99,XS,white,Shell,2026-02-07,
AuroraShell Ski Jacket,RidgeWorks,Jacket,5,259.99,XS,white,Insulated,2026-02-07,
AuroraShell Ski Jacket,RidgeWorks,Jacket,5,259.99,S,white,Shell,2026-02-07,
AuroraShell Ski Jacket,RidgeWorks,Jacket,5,259.99,S,white,Insulated,2026-02-07,
AuroraShell Ski Jacket,RidgeWorks,Jacket,5,259.99,M,white,Shell,2026-02-07,
AuroraShell Ski Jacket,RidgeWorks,Jacket,5,259.99,M,white,Insulated,2026-02-07,
AuroraShell Ski Jacket,RidgeWorks,Jacket,5,259.99,L,white,Shell,2026-02-07,
AuroraShell Ski Jacket,RidgeWorks,Jacket,5,259.99,L,white,Insulated,2026-02-07,
AuroraShell Ski Jacket,RidgeWorks,Jacket,5,259.99,XL,white,Shell,2026-02-07,
AuroraShell Ski Jacket,RidgeWorks,Jacket,5,259.99,XL,white,Insulated,2026-02-07,
SummitFlare Ski Jacket,GlacierWool,Jacket,4,289.99,XS,yellow,Insulated,2026-02-07,
SummitFlare Ski Jacket,GlacierWool,Jacket,4,289.99,XS,yellow,Shell,2026-02-07,
SummitFlare Ski Jacket,GlacierWool,Jacket,4,289.99,S,yellow,Insulated,2026-02-07,
SummitFlare Ski Jacket,GlacierWool,Jacket,4,289.99,S,yellow,Shell,2026-02-07,
SummitFlare Ski Jacket,GlacierWool,Jacket,4,289.99,M,yellow,Insulated,2026-02-07,
SummitFlare Ski Jacket,GlacierWool,Jacket,4,289.99,M,yellow,Shell,2026-02-07,
SummitFlare Ski Jacket,GlacierWool,Jacket,4,289.99,L,yellow,Insulated,2026-02-07,
SummitFlare Ski Jacket,GlacierWool,Jacket,4,289.99,L,yellow,Shell,2026-02-07,
SummitFlare Ski Jacket,GlacierWool,Jacket,4,289.99,XL,yellow,Insulated,2026-02-07,
SummitFlare Ski Jacket,GlacierWool,Jacket,4,289.99,XL,yellow,Shell,2026-02-07,
SummitFlare Ski Jacket,GlacierWool,Jacket,4,289.99,XS,blue,Insulated,2026-02-07,
SummitFlare Ski Jacket,GlacierWool,Jacket,4,289.99,XS,blue,Shell,2026-02-07,
SummitFlare Ski Jacket,GlacierWool,Jacket,4,289.99,S,blue,Insulated,2026-02-07,
SummitFlare Ski Jacket,GlacierWool,Jacket,4,289.99,S,blue,Shell,2026-02-07,
SummitFlare Ski Jacket,GlacierWool,Jacket,4,289.99,M,blue,Insulated,2026-02-07,
SummitFlare Ski Jacket,GlacierWool,Jacket,4,289.99,M,blue,Shell,2026-02-07,
SummitFlare Ski Jacket,GlacierWool,Jacket,4,289.99,L,blue,Insulated,2026-02-07,
SummitFlare Ski Jacket,GlacierWool,Jacket,4,289.99,L,blue,Shell,2026-02-07,
SummitFlare Ski Jacket,GlacierWool,Jacket,4,289.99,XL,blue,Insulated,2026-02-07,
SummitFlare Ski Jacket,GlacierWool,Jacket,4,289.99,XL,blue,Shell,2026-02-07,
SummitFlare Ski Jacket,GlacierWool,Jacket,4,289.99,XS,white,Insulated,2026-02-07,
SummitFlare Ski Jacket,GlacierWool,Jacket,4,289.99,XS,white,Shell,2026-02-07,
SummitFlare Ski Jacket,GlacierWool,Jacket,4,289.99,S,white,Insulated,2026-02-07,
SummitFlare Ski Jacket,GlacierWool,Jacket,4,289.99,S,white,Shell,2026-02-07,
SummitFlare Ski Jacket,GlacierWool,Jacket,4,289.99,M,white,Insulated,2026-02-07,
SummitFlare Ski Jacket,GlacierWool,Jacket,4,289.99,M,white,Shell,2026-02-07,
SummitFlare Ski Jacket,GlacierWool,Jacket,4,289.99,L,white,Insulated,2026-02-07,
SummitFlare Ski Jacket,GlacierWool,Jacket,4,289.99,L,white,Shell,2026-02-07,
SummitFlare Ski Jacket,GlacierWool,Jacket,4,289.99,XL,white,Insulated,2026-02-07,
SummitFlare Ski Jacket,GlacierWool,Jacket,4,289.99,XL,white,Shell,2026-02-07,
RidgeLine Ski Pants,NorthPeak,Pants,4,199.99,XS,blue,Insulated,2026-02-07,
RidgeLine Ski Pants,NorthPeak,Pants,4,199.99,XS,blue,Shell,2026-02-07,
RidgeLine Ski Pants,NorthPeak,Pants,4,199.99,S,blue,Insulated,2026-02-07,
RidgeLine Ski Pants,NorthPeak,Pants,4,199.99,S,blue,Shell,2026-02-07,
RidgeLine Ski Pants,NorthPeak,Pants,4,199.99,M,blue,Insulated,2026-02-07,
RidgeLine Ski Pants,NorthPeak,Pants,4,199.99,M,blue,Shell,2026-02-07,
RidgeLine Ski Pants,NorthPeak,Pants,4,199.99,L,blue,Insulated,2026-02-07,
RidgeLine Ski Pants,NorthPeak,Pants,4,199.99,L,blue,Shell,2026-02-07,
RidgeLine Ski Pants,NorthPeak,Pants,4,199.99,XL,blue,Insulated,2026-02-07,
RidgeLine Ski Pants,NorthPeak,Pants,4,199.99,XL,blue,Shell,2026-02-07,
RidgeLine Ski Pants,NorthPeak,Pants,4,199.99,XS,black,Insulated,2026-02-07,
RidgeLine Ski Pants,NorthPeak,Pants,4,199.99,XS,black,Shell,2026-02-07,
RidgeLine Ski Pants,NorthPeak,Pants,4,199.99,S,black,Insulated,2026-02-07,
RidgeLine Ski Pants,NorthPeak,Pants,4,199.99,S,black,Shell,2026-02-07,
RidgeLine Ski Pants,NorthPeak,Pants,4,199.99,M,black,Insulated,2026-02-07,
RidgeLine Ski Pants,NorthPeak,Pants,4,199.99,M,black,Shell,2026-02-07,
RidgeLine Ski Pants,NorthPeak,Pants,4,199.99,L,black,Insulated,2026-02-07,
RidgeLine Ski Pants,NorthPeak,Pants,4,199.99,L,black,Shell,2026-02-07,
RidgeLine Ski Pants,NorthPeak,Pants,4,199.99,XL,black,Insulated,2026-02-07,
RidgeLine Ski Pants,NorthPeak,Pants,4,199.99,XL,black,Shell,2026-02-07,
RidgeLine Ski Pants,NorthPeak,Pants,4,199.99,XS,yellow,Insulated,2026-02-07,
RidgeLine Ski Pants,NorthPeak,Pants,4,199.99,XS,yellow,Shell,2026-02-07,
RidgeLine Ski Pants,NorthPeak,Pants,4,199.99,S,yellow,Insulated,2026-02-07,
RidgeLine Ski Pants,NorthPeak,Pants,4,199.99,S,yellow,Shell,2026-02-07,
RidgeLine Ski Pants,NorthPeak,Pants,4,199.99,M,yellow,Insulated,2026-02-07,
RidgeLine Ski Pants,NorthPeak,Pants,4,199.99,M,yellow,Shell,2026-02-07,
RidgeLine Ski Pants,NorthPeak,Pants,4,199.99,L,yellow,Insulated,2026-02-07,
RidgeLine Ski Pants,NorthPeak,Pants,4,199.99,L,yellow,Shell,2026-02-07,
RidgeLine Ski Pants,NorthPeak,Pants,4,199.99,XL,yellow,Insulated,2026-02-07,
RidgeLine Ski Pants,NorthPeak,Pants,4,199.99,XL,yellow,Shell,2026-02-07,
IceTrack Ski Pants,RidgeWorks,Pants,5,189.99,XS,white,Shell,2026-02-07,
IceTrack Ski Pants,RidgeWorks,Pants,5,189.99,XS,white,Insulated,2026-02-07,
IceTrack Ski Pants,RidgeWorks,Pants,5,189.99,S,white,Shell,2026-02-07,
IceTrack Ski Pants,RidgeWorks,Pants,5,189.99,S,white,Insulated,2026-02-07,
IceTrack Ski Pants,RidgeWorks,Pants,5,189.99,M,white,Shell,2026-02-07,
IceTrack Ski Pants,RidgeWorks,Pants,5,189.99,M,white,Insulated,2026-02-07,
IceTrack Ski Pants,RidgeWorks,Pants,5,189.99,L,white,Shell,2026-02-07,
IceTrack Ski Pants,RidgeWorks,Pants,5,189.99,L,white,Insulated,2026-02-07,
IceTrack Ski Pants,RidgeWorks,Pants,5,189.99,XL,white,Shell,2026-02-07,
IceTrack Ski Pants,RidgeWorks,Pants,5,189.99,XL,white,Insulated,2026-02-07,
IceTrack Ski Pants,RidgeWorks,Pants,5,189.99,XS,yellow,Shell,2026-02-07,
IceTrack Ski Pants,RidgeWorks,Pants,5,189.99,XS,yellow,Insulated,2026-02-07,
IceTrack Ski Pants,RidgeWorks,Pants,5,189.99,S,yellow,Shell,2026-02-07,
IceTrack Ski Pants,RidgeWorks,Pants,5,189.99,S,yellow,Insulated,2026-02-07,
IceTrack Ski Pants,RidgeWorks,Pants,5,189.99,M,yellow,Shell,2026-02-07,
IceTrack Ski Pants,RidgeWorks,Pants,5,189.99,M,yellow,Insulated,2026-02-07,
IceTrack Ski Pants,RidgeWorks,Pants,5,189.99,L,yellow,Shell,2026-02-07,
IceTrack Ski Pants,RidgeWorks,Pants,5,189.99,L,yellow,Insulated,2026-02-07,
IceTrack Ski Pants,RidgeWorks,Pants,5,189.99,XL,yellow,Shell,2026-02-07,
IceTrack Ski Pants,RidgeWorks,Pants,5,189.99,XL,yellow,Insulated,2026-02-07,
IceTrack Ski Pants,RidgeWorks,Pants,5,189.99,XS,black,Shell,2026-02-07,
IceTrack Ski Pants,RidgeWorks,Pants,5,189.99,XS,black,Insulated,2026-02-07,
IceTrack Ski Pants,RidgeWorks,Pants,5,189.99,S,black,Shell,2026-02-07,
IceTrack Ski Pants,RidgeWorks,Pants,5,189.99,S,black,Insulated,2026-02-07,
IceTrack Ski Pants,RidgeWorks,Pants,5,189.99,M,black,Shell,2026-02-07,
IceTrack Ski Pants,RidgeWorks,Pants,5,189.99,M,black,Insulated,2026-02-07,
IceTrack Ski Pants,RidgeWorks,Pants,5,189.99,L,black,Shell,2026-02-07,
IceTrack Ski Pants,RidgeWorks,Pants,5,189.99,L,black,Insulated,2026-02-07,
IceTrack Ski Pants,RidgeWorks,Pants,5,189.99,XL,black,Shell,2026-02-07,
IceTrack Ski Pants,RidgeWorks,Pants,5,189.99,XL,black,Insulated,2026-02-07,
GlacierEdge Ski Pants,IceForge,Pants,6,219.99,XS,green,Insulated,2026-02-07,
GlacierEdge Ski Pants,IceForge,Pants,6,219.99,XS,green,Shell,2026-02-07,
GlacierEdge Ski Pants,IceForge,Pants,6,219.99,S,green,Insulated,2026-02-07,
GlacierEdge Ski Pants,IceForge,Pants,6,219.99,S,green,Shell,2026-02-07,
GlacierEdge Ski Pants,IceForge,Pants,6,219.99,M,green,Insulated,2026-02-07,
GlacierEdge Ski Pants,IceForge,Pants,6,219.99,M,green,Shell,2026-02-07,
GlacierEdge Ski Pants,IceForge,Pants,6,219.99,L,green,Insulated,2026-02-07,
GlacierEdge Ski Pants,IceForge,Pants,6,219.99,L,green,Shell,2026-02-07,
GlacierEdge Ski Pants,IceForge,Pants,6,219.99,XL,green,Insulated,2026-02-07,
GlacierEdge Ski Pants,IceForge,Pants,6,219.99,XL,green,Shell,2026-02-07,
GlacierEdge Ski Pants,IceForge,Pants,6,219.99,XS,yellow,Insulated,2026-02-07,
GlacierEdge Ski Pants,IceForge,Pants,6,219.99,XS,yellow,Shell,2026-02-07,
GlacierEdge Ski Pants,IceForge,Pants,6,219.99,S,yellow,Insulated,2026-02-07,
GlacierEdge Ski Pants,IceForge,Pants,6,219.99,S,yellow,Shell,2026-02-07,
GlacierEdge Ski Pants,IceForge,Pants,6,219.99,M,yellow,Insulated,2026-02-07,
GlacierEdge Ski Pants,IceForge,Pants,6,219.99,M,yellow,Shell,2026-02-07,
GlacierEdge Ski Pants,IceForge,Pants,6,219.99,L,yellow,Insulated,2026-02-07,
GlacierEdge Ski Pants,IceForge,Pants,6,219.99,L,yellow,Shell,2026-02-07,
GlacierEdge Ski Pants,IceForge,Pants,6,219.99,XL,yellow,Insulated,2026-02-07,
GlacierEdge Ski Pants,IceForge,Pants,6,219.99,XL,yellow,Shell,2026-02-07,
GlacierEdge Ski Pants,IceForge,Pants,6,219.99,XS,black,Insulated,2026-02-07,
GlacierEdge Ski Pants,IceForge,Pants,6,219.99,XS,black,Shell,2026-02-07,
GlacierEdge Ski Pants,IceForge,Pants,6,219.99,S,black,Insulated,2026-02-07,
GlacierEdge Ski Pants,IceForge,Pants,6,219.99,S,black,Shell,2026-02-07,
GlacierEdge Ski Pants,IceForge,Pants,6,219.99,M,black,Insulated,2026-02-07,
GlacierEdge Ski Pants,IceForge,Pants,6,219.99,M,black,Shell,2026-02-07,
GlacierEdge Ski Pants,IceForge,Pants,6,219.99,L,black,Insulated,2026-02-07,
GlacierEdge Ski Pants,IceForge,Pants,6,219.99,L,black,Shell,2026-02-07,
GlacierEdge Ski Pants,IceForge,Pants,6,219.99,XL,black,Insulated,2026-02-07,
GlacierEdge Ski Pants,IceForge,Pants,6,219.99,XL,black,Shell,2026-02-07,
ThermoCore Base Layer Top,GlacierWool,Base Layer Top,3,79.99,XS,red,Thermal,2026-02-07,
ThermoCore Base Layer Top,GlacierWool,Base Layer Top,3,79.99,XS,red,Performance,2026-02-07,
ThermoCore Base Layer Top,GlacierWool,Base Layer Top,3,79.99,S,red,Thermal,2026-02-07,
ThermoCore Base Layer Top,GlacierWool,Base Layer Top,3,79.99,S,red,Performance,2026-02-07,
ThermoCore Base Layer Top,GlacierWool,Base Layer Top,3,79.99,M,red,Thermal,2026-02-07,
ThermoCore Base Layer Top,GlacierWool,Base Layer Top,3,79.99,M,red,Performance,2026-02-07,
ThermoCore Base Layer Top,GlacierWool,Base Layer Top,3,79.99,L,red,Thermal,2026-02-07,
ThermoCore Base Layer Top,GlacierWool,Base Layer Top,3,79.99,L,red,Performance,2026-02-07,
ThermoCore Base Layer Top,GlacierWool,Base Layer Top,3,79.99,XL,red,Thermal,2026-02-07,
ThermoCore Base Layer Top,GlacierWool,Base Layer Top,3,79.99,XL,red,Performance,2026-02-07,
ThermoCore Base Layer Top,GlacierWool,Base Layer Top,3,79.99,XS,green,Thermal,2026-02-07,
ThermoCore Base Layer Top,GlacierWool,Base Layer Top,3,79.99,XS,green,Performance,2026-02-07,
ThermoCore Base Layer Top,GlacierWool,Base Layer Top,3,79.99,S,green,Thermal,2026-02-07,
ThermoCore Base Layer Top,GlacierWool,Base Layer Top,3,79.99,S,green,Performance,2026-02-07,
ThermoCore Base Layer Top,GlacierWool,Base Layer Top,3,79.99,M,green,Thermal,2026-02-07,
ThermoCore Base Layer Top,GlacierWool,Base Layer Top,3,79.99,M,green,Performance,2026-02-07,
ThermoCore Base Layer Top,GlacierWool,Base Layer Top,3,79.99,L,green,Thermal,2026-02-07,
ThermoCore Base Layer Top,GlacierWool,Base Layer Top,3,79.99,L,green,Performance,2026-02-07,
ThermoCore Base Layer Top,GlacierWool,Base Layer Top,3,79.99,XL,green,Thermal,2026-02-07,
ThermoCore Base Layer Top,GlacierWool,Base Layer Top,3,79.99,XL,green,Performance,2026-02-07,
ThermoCore Base Layer Top,GlacierWool,Base Layer Top,3,79.99,XS,white,Thermal,2026-02-07,
ThermoCore Base Layer Top,GlacierWool,Base Layer Top,3,79.99,XS,white,Performance,2026-02-07,
ThermoCore Base Layer Top,GlacierWool,Base Layer Top,3,79.99,S,white,Thermal,2026-02-07,
ThermoCore Base Layer Top,GlacierWool,Base Layer Top,3,79.99,S,white,Performance,2026-02-07,
ThermoCore Base Layer Top,GlacierWool,Base Layer Top,3,79.99,M,white,Thermal,2026-02-07,
ThermoCore Base Layer Top,GlacierWool,Base Layer Top,3,79.99,M,white,Performance,2026-02-07,
ThermoCore Base Layer Top,GlacierWool,Base Layer Top,3,79.99,L,white,Thermal,2026-02-07,
ThermoCore Base Layer Top,GlacierWool,Base Layer Top,3,79.99,L,white,Performance,2026-02-07,
ThermoCore Base Layer Top,GlacierWool,Base Layer Top,3,79.99,XL,white,Thermal,2026-02-07,
ThermoCore Base Layer Top,GlacierWool,Base Layer Top,3,79.99,XL,white,Performance,2026-02-07,
MerinoWarm Base Layer Top,NordicMerino,Base Layer Top,4,85.50,XS,blue,Thermal,2026-02-07,
MerinoWarm Base Layer Top,NordicMerino,Base Layer Top,4,85.50,XS,blue,Performance,2026-02-07,
MerinoWarm Base Layer Top,NordicMerino,Base Layer Top,4,85.50,S,blue,Thermal,2026-02-07,
MerinoWarm Base Layer Top,NordicMerino,Base Layer Top,4,85.50,S,blue,Performance,2026-02-07,
MerinoWarm Base Layer Top,NordicMerino,Base Layer Top,4,85.50,M,blue,Thermal,2026-02-07,
MerinoWarm Base Layer Top,NordicMerino,Base Layer Top,4,85.50,M,blue,Performance,2026-02-07,
MerinoWarm Base Layer Top,NordicMerino,Base Layer Top,4,85.50,L,blue,Thermal,2026-02-07,
MerinoWarm Base Layer Top,NordicMerino,Base Layer Top,4,85.50,L,blue,Performance,2026-02-07,
MerinoWarm Base Layer Top,NordicMerino,Base Layer Top,4,85.50,XL,blue,Thermal,2026-02-07,
MerinoWarm Base Layer Top,NordicMerino,Base Layer Top,4,85.50,XL,blue,Performance,2026-02-07,
MerinoWarm Base Layer Top,NordicMerino,Base Layer Top,4,85.50,XS,black,Thermal,2026-02-07,
MerinoWarm Base Layer Top,NordicMerino,Base Layer Top,4,85.50,XS,black,Performance,2026-02-07,
MerinoWarm Base Layer Top,NordicMerino,Base Layer Top,4,85.50,S,black,Thermal,2026-02-07,
MerinoWarm Base Layer Top,NordicMerino,Base Layer Top,4,85.50,S,black,Performance,2026-02-07,
MerinoWarm Base Layer Top,NordicMerino,Base Layer Top,4,85.50,M,black,Thermal,2026-02-07,
MerinoWarm Base Layer Top,NordicMerino,Base Layer Top,4,85.50,M,black,Performance,2026-02-07,
MerinoWarm Base Layer Top,NordicMerino,Base Layer Top,4,85.50,L,black,Thermal,2026-02-07,
MerinoWarm Base Layer Top,NordicMerino,Base Layer Top,4,85.50,L,black,Performance,2026-02-07,
MerinoWarm Base Layer Top,NordicMerino,Base Layer Top,4,85.50,XL,black,Thermal,2026-02-07,
MerinoWarm Base Layer Top,NordicMerino,Base Layer Top,4,85.50,XL,black,Performance,2026-02-07,
MerinoWarm Base Layer Top,NordicMerino,Base Layer Top,4,85.50,XS,green,Thermal,2026-02-07,
MerinoWarm Base Layer Top,NordicMerino,Base Layer Top,4,85.50,XS,green,Performance,2026-02-07,
MerinoWarm Base Layer Top,NordicMerino,Base Layer Top,4,85.50,S,green,Thermal,2026-02-07,
MerinoWarm Base Layer Top,NordicMerino,Base Layer Top,4,85.50,S,green,Performance,2026-02-07,
MerinoWarm Base Layer Top,NordicMerino,Base Layer Top,4,85.50,M,green,Thermal,2026-02-07,
MerinoWarm Base Layer Top,NordicMerino,Base Layer Top,4,85.50,M,green,Performance,2026-02-07,
MerinoWarm Base Layer Top,NordicMerino,Base Layer Top,4,85.50,L,green,Thermal,2026-02-07,
MerinoWarm Base Layer Top,NordicMerino,Base Layer Top,4,85.50,L,green,Performance,2026-02-07,
MerinoWarm Base Layer Top,NordicMerino,Base Layer Top,4,85.50,XL,green,Thermal,2026-02-07,
MerinoWarm Base Layer Top,NordicMerino,Base Layer Top,4,85.50,XL,green,Performance,2026-02-07,
HeatFlex Base Layer Top,PeakWear,Base Layer Top,3,64.00,XS,black,Thermal,2026-02-07,
HeatFlex Base Layer Top,PeakWear,Base Layer Top,3,64.00,XS,black,Performance,2026-02-07,
HeatFlex Base Layer Top,PeakWear,Base Layer Top,3,64.00,S,black,Thermal,2026-02-07,
HeatFlex Base Layer Top,PeakWear,Base Layer Top,3,64.00,S,black,Performance,2026-02-07,
HeatFlex Base Layer Top,PeakWear,Base Layer Top,3,64.00,M,black,Thermal,2026-02-07,
HeatFlex Base Layer Top,PeakWear,Base Layer Top,3,64.00,M,black,Performance,2026-02-07,
HeatFlex Base Layer Top,PeakWear,Base Layer Top,3,64.00,L,black,Thermal,2026-02-07,
HeatFlex Base Layer Top,PeakWear,Base Layer Top,3,64.00,L,black,Performance,2026-02-07,
HeatFlex Base Layer Top,PeakWear,Base Layer Top,3,64.00,XL,black,Thermal,2026-02-07,
HeatFlex Base Layer Top,PeakWear,Base Layer Top,3,64.00,XL,black,Performance,2026-02-07,
HeatFlex Base Layer Top,PeakWear,Base Layer Top,3,64.00,XS,red,Thermal,2026-02-07,
HeatFlex Base Layer Top,PeakWear,Base Layer Top,3,64.00,XS,red,Performance,2026-02-07,
HeatFlex Base Layer Top,PeakWear,Base Layer Top,3,64.00,S,red,Thermal,2026-02-07,
HeatFlex Base Layer Top,PeakWear,Base Layer Top,3,64.00,S,red,Performance,2026-02-07,
HeatFlex Base Layer Top,PeakWear,Base Layer Top,3,64.00,M,red,Thermal,2026-02-07,
HeatFlex Base Layer Top,PeakWear,Base Layer Top,3,64.00,M,red,Performance,2026-02-07,
HeatFlex Base Layer Top,PeakWear,Base Layer Top,3,64.00,L,red,Thermal,2026-02-07,
HeatFlex Base Layer Top,PeakWear,Base Layer Top,3,64.00,L,red,Performance,2026-02-07,
HeatFlex Base Layer Top,PeakWear,Base Layer Top,3,64.00,XL,red,Thermal,2026-02-07,
HeatFlex Base Layer Top,PeakWear,Base Layer Top,3,64.00,XL,red,Performance,2026-02-07,
HeatFlex Base Layer Top,PeakWear,Base Layer Top,3,64.00,XS,blue,Thermal,2026-02-07,
HeatFlex Base Layer Top,PeakWear,Base Layer Top,3,64.00,XS,blue,Performance,2026-02-07,
HeatFlex Base Layer Top,PeakWear,Base Layer Top,3,64.00,S,blue,Thermal,2026-02-07,
HeatFlex Base Layer Top,PeakWear,Base Layer Top,3,64.00,S,blue,Performance,2026-02-07,
HeatFlex Base Layer Top,PeakWear,Base Layer Top,3,64.00,M,blue,Thermal,2026-02-07,
HeatFlex Base Layer Top,PeakWear,Base Layer Top,3,64.00,M,blue,Performance,2026-02-07,
HeatFlex Base Layer Top,PeakWear,Base Layer Top,3,64.00,L,blue,Thermal,2026-02-07,
HeatFlex Base Layer Top,PeakWear,Base Layer Top,3,64.00,L,blue,Performance,2026-02-07,
HeatFlex Base Layer Top,PeakWear,Base Layer Top,3,64.00,XL,blue,Thermal,2026-02-07,
HeatFlex Base Layer Top,PeakWear,Base Layer Top,3,64.00,XL,blue,Performance,2026-02-07,
ThermoCore Base Layer Bottom,GlacierWool,Base Layer Bottom,3,69.99,XS,red,Thermal,2026-02-07,
ThermoCore Base Layer Bottom,GlacierWool,Base Layer Bottom,3,69.99,XS,red,Performance,2026-02-07,
ThermoCore Base Layer Bottom,GlacierWool,Base Layer Bottom,3,69.99,S,red,Thermal,2026-02-07,
ThermoCore Base Layer Bottom,GlacierWool,Base Layer Bottom,3,69.99,S,red,Performance,2026-02-07,
ThermoCore Base Layer Bottom,GlacierWool,Base Layer Bottom,3,69.99,M,red,Thermal,2026-02-07,
ThermoCore Base Layer Bottom,GlacierWool,Base Layer Bottom,3,69.99,M,red,Performance,2026-02-07,
ThermoCore Base Layer Bottom,GlacierWool,Base Layer Bottom,3,69.99,L,red,Thermal,2026-02-07,
ThermoCore Base Layer Bottom,GlacierWool,Base Layer Bottom,3,69.99,L,red,Performance,2026-02-07,
ThermoCore Base Layer Bottom,GlacierWool,Base Layer Bottom,3,69.99,XL,red,Thermal,2026-02-07,
ThermoCore Base Layer Bottom,GlacierWool,Base Layer Bottom,3,69.99,XL,red,Performance,2026-02-07,
ThermoCore Base Layer Bottom,GlacierWool,Base Layer Bottom,3,69.99,XS,black,Thermal,2026-02-07,
ThermoCore Base Layer Bottom,GlacierWool,Base Layer Bottom,3,69.99,XS,black,Performance,2026-02-07,
ThermoCore Base Layer Bottom,GlacierWool,Base Layer Bottom,3,69.99,S,black,Thermal,2026-02-07,
ThermoCore Base Layer Bottom,GlacierWool,Base Layer Bottom,3,69.99,S,black,Performance,2026-02-07,
ThermoCore Base Layer Bottom,GlacierWool,Base Layer Bottom,3,69.99,M,black,Thermal,2026-02-07,
ThermoCore Base Layer Bottom,GlacierWool,Base Layer Bottom,3,69.99,M,black,Performance,2026-02-07,
ThermoCore Base Layer Bottom,GlacierWool,Base Layer Bottom,3,69.99,L,black,Thermal,2026-02-07,
ThermoCore Base Layer Bottom,GlacierWool,Base Layer Bottom,3,69.99,L,black,Performance,2026-02-07,
ThermoCore Base Layer Bottom,GlacierWool,Base Layer Bottom,3,69.99,XL,black,Thermal,2026-02-07,
ThermoCore Base Layer Bottom,GlacierWool,Base Layer Bottom,3,69.99,XL,black,Performance,2026-02-07,
ThermoCore Base Layer Bottom,GlacierWool,Base Layer Bottom,3,69.99,XS,white,Thermal,2026-02-07,
ThermoCore Base Layer Bottom,GlacierWool,Base Layer Bottom,3,69.99,XS,white,Performance,2026-02-07,
ThermoCore Base Layer Bottom,GlacierWool,Base Layer Bottom,3,69.99,S,white,Thermal,2026-02-07,
ThermoCore Base Layer Bottom,GlacierWool,Base Layer Bottom,3,69.99,S,white,Performance,2026-02-07,
ThermoCore Base Layer Bottom,GlacierWool,Base Layer Bottom,3,69.99,M,white,Thermal,2026-02-07,
ThermoCore Base Layer Bottom,GlacierWool,Base Layer Bottom,3,69.99,M,white,Performance,2026-02-07,
ThermoCore Base Layer Bottom,GlacierWool,Base Layer Bottom,3,69.99,L,white,Thermal,2026-02-07,
ThermoCore Base Layer Bottom,GlacierWool,Base Layer Bottom,3,69.99,L,white,Performance,2026-02-07,
ThermoCore Base Layer Bottom,GlacierWool,Base Layer Bottom,3,69.99,XL,white,Thermal,2026-02-07,
ThermoCore Base Layer Bottom,GlacierWool,Base Layer Bottom,3,69.99,XL,white,Performance,2026-02-07,
MerinoWarm Base Layer Bottom,NordicMerino,Base Layer Bottom,4,75.50,XS,white,Thermal,2026-02-07,
MerinoWarm Base Layer Bottom,NordicMerino,Base Layer Bottom,4,75.50,XS,white,Performance,2026-02-07,
MerinoWarm Base Layer Bottom,NordicMerino,Base Layer Bottom,4,75.50,S,white,Thermal,2026-02-07,
MerinoWarm Base Layer Bottom,NordicMerino,Base Layer Bottom,4,75.50,S,white,Performance,2026-02-07,
MerinoWarm Base Layer Bottom,NordicMerino,Base Layer Bottom,4,75.50,M,white,Thermal,2026-02-07,
MerinoWarm Base Layer Bottom,NordicMerino,Base Layer Bottom,4,75.50,M,white,Performance,2026-02-07,
MerinoWarm Base Layer Bottom,NordicMerino,Base Layer Bottom,4,75.50,L,white,Thermal,2026-02-07,
MerinoWarm Base Layer Bottom,NordicMerino,Base Layer Bottom,4,75.50,L,white,Performance,2026-02-07,
MerinoWarm Base Layer Bottom,NordicMerino,Base Layer Bottom,4,75.50,XL,white,Thermal,2026-02-07,
MerinoWarm Base Layer Bottom,NordicMerino,Base Layer Bottom,4,75.50,XL,white,Performance,2026-02-07,
MerinoWarm Base Layer Bottom,NordicMerino,Base Layer Bottom,4,75.50,XS,green,Thermal,2026-02-07,
MerinoWarm Base Layer Bottom,NordicMerino,Base Layer Bottom,4,75.50,XS,green,Performance,2026-02-07,
MerinoWarm Base Layer Bottom,NordicMerino,Base Layer Bottom,4,75.50,S,green,Thermal,2026-02-07,
MerinoWarm Base Layer Bottom,NordicMerino,Base Layer Bottom,4,75.50,S,green,Performance,2026-02-07,
MerinoWarm Base Layer Bottom,NordicMerino,Base Layer Bottom,4,75.50,M,green,Thermal,2026-02-07,
MerinoWarm Base Layer Bottom,NordicMerino,Base Layer Bottom,4,75.50,M,green,Performance,2026-02-07,
MerinoWarm Base Layer Bottom,NordicMerino,Base Layer Bottom,4,75.50,L,green,Thermal,2026-02-07,
MerinoWarm Base Layer Bottom,NordicMerino,Base Layer Bottom,4,75.50,L,green,Performance,2026-02-07,
MerinoWarm Base Layer Bottom,NordicMerino,Base Layer Bottom,4,75.50,XL,green,Thermal,2026-02-07,
MerinoWarm Base Layer Bottom,NordicMerino,Base Layer Bottom,4,75.50,XL,green,Performance,2026-02-07,
MerinoWarm Base Layer Bottom,NordicMerino,Base Layer Bottom,4,75.50,XS,blue,Thermal,2026-02-07,
MerinoWarm Base Layer Bottom,NordicMerino,Base Layer Bottom,4,75.50,XS,blue,Performance,2026-02-07,
MerinoWarm Base Layer Bottom,NordicMerino,Base Layer Bottom,4,75.50,S,blue,Thermal,2026-02-07,
MerinoWarm Base Layer Bottom,NordicMerino,Base Layer Bottom,4,75.50,S,blue,Performance,2026-02-07,
MerinoWarm Base Layer Bottom,NordicMerino,Base Layer Bottom,4,75.50,M,blue,Thermal,2026-02-07,
MerinoWarm Base Layer Bottom,NordicMerino,Base Layer Bottom,4,75.50,M,blue,Performance,2026-02-07,
MerinoWarm Base Layer Bottom,NordicMerino,Base Layer Bottom,4,75.50,L,blue,Thermal,2026-02-07,
MerinoWarm Base Layer Bottom,NordicMerino,Base Layer Bottom,4,75.50,L,blue,Performance,2026-02-07,
MerinoWarm Base Layer Bottom,NordicMerino,Base Layer Bottom,4,75.50,XL,blue,Thermal,2026-02-07,
MerinoWarm Base Layer Bottom,NordicMerino,Base Layer Bottom,4,75.50,XL,blue,Performance,2026-02-07,
HeatFlex Base Layer Bottom,PeakWear,Base Layer Bottom,3,58.00,XS,green,Thermal,2026-02-07,
HeatFlex Base Layer Bottom,PeakWear,Base Layer Bottom,3,58.00,XS,green,Performance,2026-02-07,
HeatFlex Base Layer Bottom,PeakWear,Base Layer Bottom,3,58.00,S,green,Thermal,2026-02-07,
HeatFlex Base Layer Bottom,PeakWear,Base Layer Bottom,3,58.00,S,green,Performance,2026-02-07,
HeatFlex Base Layer Bottom,PeakWear,Base Layer Bottom,3,58.00,M,green,Thermal,2026-02-07,
HeatFlex Base Layer Bottom,PeakWear,Base Layer Bottom,3,58.00,M,green,Performance,2026-02-07,
HeatFlex Base Layer Bottom,PeakWear,Base Layer Bottom,3,58.00,L,green,Thermal,2026-02-07,
HeatFlex Base Layer Bottom,PeakWear,Base Layer Bottom,3,58.00,L,green,Performance,2026-02-07,
HeatFlex Base Layer Bottom,PeakWear,Base Layer Bottom,3,58.00,XL,green,Thermal,2026-02-07,
HeatFlex Base Layer Bottom,PeakWear,Base Layer Bottom,3,58.00,XL,green,Performance,2026-02-07,
HeatFlex Base Layer Bottom,PeakWear,Base Layer Bottom,3,58.00,XS,yellow,Thermal,2026-02-07,
HeatFlex Base Layer Bottom,PeakWear,Base Layer Bottom,3,58.00,XS,yellow,Performance,2026-02-07,
HeatFlex Base Layer Bottom,PeakWear,Base Layer Bottom,3,58.00,S,yellow,Thermal,2026-02-07,
HeatFlex Base Layer Bottom,PeakWear,Base Layer Bottom,3,58.00,S,yellow,Performance,2026-02-07,
HeatFlex Base Layer Bottom,PeakWear,Base Layer Bottom,3,58.00,M,yellow,Thermal,2026-02-07,
HeatFlex Base Layer Bottom,PeakWear,Base Layer Bottom,3,58.00,M,yellow,Performance,2026-02-07,
HeatFlex Base Layer Bottom,PeakWear,Base Layer Bottom,3,58.00,L,yellow,Thermal,2026-02-07,
HeatFlex Base Layer Bottom,PeakWear,Base Layer Bottom,3,58.00,L,yellow,Performance,2026-02-07,
HeatFlex Base Layer Bottom,PeakWear,Base Layer Bottom,3,58.00,XL,yellow,Thermal,2026-02-07,
HeatFlex Base Layer Bottom,PeakWear,Base Layer Bottom,3,58.00,XL,yellow,Performance,2026-02-07,
HeatFlex Base Layer Bottom,PeakWear,Base Layer Bottom,3,58.00,XS,black,Thermal,2026-02-07,
HeatFlex Base Layer Bottom,PeakWear,Base Layer Bottom,3,58.00,XS,black,Performance,2026-02-07,
HeatFlex Base Layer Bottom,PeakWear,Base Layer Bottom,3,58.00,S,black,Thermal,2026-02-07,
HeatFlex Base Layer Bottom,PeakWear,Base Layer Bottom,3,58.00,S,black,Performance,2026-02-07,
HeatFlex Base Layer Bottom,PeakWear,Base Layer Bottom,3,58.00,M,black,Thermal,2026-02-07,
HeatFlex Base Layer Bottom,PeakWear,Base Layer Bottom,3,58.00,M,black,Performance,2026-02-07,
HeatFlex Base Layer Bottom,PeakWear,Base Layer Bottom,3,58.00,L,black,Thermal,2026-02-07,
HeatFlex Base Layer Bottom,PeakWear,Base Layer Bottom,3,58.00,L,black,Performance,2026-02-07,
HeatFlex Base Layer Bottom,PeakWear,Base Layer Bottom,3,58.00,XL,black,Thermal,2026-02-07,
HeatFlex Base Layer Bottom,PeakWear,Base Layer Bottom,3,58.00,XL,black,Performance,2026-02-07,
SummitGrip Gloves,AlpinePro,Gloves,2,89.99,XS,red,Insulated,2026-02-07,
SummitGrip Gloves,AlpinePro,Gloves,2,89.99,XS,red,Shell,2026-02-07,
SummitGrip Gloves,AlpinePro,Gloves,2,89.99,S,red,Insulated,2026-02-07,
SummitGrip Gloves,AlpinePro,Gloves,2,89.99,S,red,Shell,2026-02-07,
SummitGrip Gloves,AlpinePro,Gloves,2,89.99,M,red,Insulated,2026-02-07,
SummitGrip Gloves,AlpinePro,Gloves,2,89.99,M,red,Shell,2026-02-07,
SummitGrip Gloves,AlpinePro,Gloves,2,89.99,L,red,Insulated,2026-02-07,
SummitGrip Gloves,AlpinePro,Gloves,2,89.99,L,red,Shell,2026-02-07,
SummitGrip Gloves,AlpinePro,Gloves,2,89.99,XL,red,Insulated,2026-02-07,
SummitGrip Gloves,AlpinePro,Gloves,2,89.99,XL,red,Shell,2026-02-07,
SummitGrip Gloves,AlpinePro,Gloves,2,89.99,XS,white,Insulated,2026-02-07,
SummitGrip Gloves,AlpinePro,Gloves,2,89.99,XS,white,Shell,2026-02-07,
SummitGrip Gloves,AlpinePro,Gloves,2,89.99,S,white,Insulated,2026-02-07,
SummitGrip Gloves,AlpinePro,Gloves,2,89.99,S,white,Shell,2026-02-07,
SummitGrip Gloves,AlpinePro,Gloves,2,89.99,M,white,Insulated,2026-02-07,
SummitGrip Gloves,AlpinePro,Gloves,2,89.99,M,white,Shell,2026-02-07,
SummitGrip Gloves,AlpinePro,Gloves,2,89.99,L,white,Insulated,2026-02-07,
SummitGrip Gloves,AlpinePro,Gloves,2,89.99,L,white,Shell,2026-02-07,
SummitGrip Gloves,AlpinePro,Gloves,2,89.99,XL,white,Insulated,2026-02-07,
SummitGrip Gloves,AlpinePro,Gloves,2,89.99,XL,white,Shell,2026-02-07,
SummitGrip Gloves,AlpinePro,Gloves,2,89.99,XS,green,Insulated,2026-02-07,
SummitGrip Gloves,AlpinePro,Gloves,2,89.99,XS,green,Shell,2026-02-07,
SummitGrip Gloves,AlpinePro,Gloves,2,89.99,S,green,Insulated,2026-02-07,
SummitGrip Gloves,AlpinePro,Gloves,2,89.99,S,green,Shell,2026-02-07,
SummitGrip Gloves,AlpinePro,Gloves,2,89.99,M,green,Insulated,2026-02-07,
SummitGrip Gloves,AlpinePro,Gloves,2,89.99,M,green,Shell,2026-02-07,
SummitGrip Gloves,AlpinePro,Gloves,2,89.99,L,green,Insulated,2026-02-07,
SummitGrip Gloves,AlpinePro,Gloves,2,89.99,L,green,Shell,2026-02-07,
SummitGrip Gloves,AlpinePro,Gloves,2,89.99,XL,green,Insulated,2026-02-07,
SummitGrip Gloves,AlpinePro,Gloves,2,89.99,XL,green,Shell,2026-02-07,
FrostLock Gloves,ColdTrail,Gloves,4,74.00,XS,black,Waterproof,2026-02-07,
FrostLock Gloves,ColdTrail,Gloves,4,74.00,XS,black,Insulated,2026-02-07,
FrostLock Gloves,ColdTrail,Gloves,4,74.00,S,black,Waterproof,2026-02-07,
FrostLock Gloves,ColdTrail,Gloves,4,74.00,S,black,Insulated,2026-02-07,
FrostLock Gloves,ColdTrail,Gloves,4,74.00,M,black,Waterproof,2026-02-07,
FrostLock Gloves,ColdTrail,Gloves,4,74.00,M,black,Insulated,2026-02-07,
FrostLock Gloves,ColdTrail,Gloves,4,74.00,L,black,Waterproof,2026-02-07,
FrostLock Gloves,ColdTrail,Gloves,4,74.00,L,black,Insulated,2026-02-07,
FrostLock Gloves,ColdTrail,Gloves,4,74.00,XL,black,Waterproof,2026-02-07,
FrostLock Gloves,ColdTrail,Gloves,4,74.00,XL,black,Insulated,2026-02-07,
FrostLock Gloves,ColdTrail,Gloves,4,74.00,XS,green,Waterproof,2026-02-07,
FrostLock Gloves,ColdTrail,Gloves,4,74.00,XS,green,Insulated,2026-02-07,
FrostLock Gloves,ColdTrail,Gloves,4,74.00,S,green,Waterproof,2026-02-07,
FrostLock Gloves,ColdTrail,Gloves,4,74.00,S,green,Insulated,2026-02-07,
FrostLock Gloves,ColdTrail,Gloves,4,74.00,M,green,Waterproof,2026-02-07,
FrostLock Gloves,ColdTrail,Gloves,4,74.00,M,green,Insulated,2026-02-07,
FrostLock Gloves,ColdTrail,Gloves,4,74.00,L,green,Waterproof,2026-02-07,
FrostLock Gloves,ColdTrail,Gloves,4,74.00,L,green,Insulated,2026-02-07,
FrostLock Gloves,ColdTrail,Gloves,4,74.00,XL,green,Waterproof,2026-02-07,
FrostLock Gloves,ColdTrail,Gloves,4,74.00,XL,green,Insulated,2026-02-07,
FrostLock Gloves,ColdTrail,Gloves,4,74.00,XS,white,Waterproof,2026-02-07,
FrostLock Gloves,ColdTrail,Gloves,4,74.00,XS,white,Insulated,2026-02-07,
FrostLock Gloves,ColdTrail,Gloves,4,74.00,S,white,Waterproof,2026-02-07,
FrostLock Gloves,ColdTrail,Gloves,4,74.00,S,white,Insulated,2026-02-07,
FrostLock Gloves,ColdTrail,Gloves,4,74.00,M,white,Waterproof,2026-02-07,
FrostLock Gloves,ColdTrail,Gloves,4,74.00,M,white,Insulated,2026-02-07,
FrostLock Gloves,ColdTrail,Gloves,4,74.00,L,white,Waterproof,2026-02-07,
FrostLock Gloves,ColdTrail,Gloves,4,74.00,L,white,Insulated,2026-02-07,
FrostLock Gloves,ColdTrail,Gloves,4,74.00,XL,white,Waterproof,2026-02-07,
FrostLock Gloves,ColdTrail,Gloves,4,74.00,XL,white,Insulated,2026-02-07,
PolarShield Gloves,RidgeWorks,Gloves,5,95.50,XS,red,Waterproof,2026-02-07,
PolarShield Gloves,RidgeWorks,Gloves,5,95.50,XS,red,Insulated,2026-02-07,
PolarShield Gloves,RidgeWorks,Gloves,5,95.50,S,red,Waterproof,2026-02-07,
PolarShield Gloves,RidgeWorks,Gloves,5,95.50,S,red,Insulated,2026-02-07,
PolarShield Gloves,RidgeWorks,Gloves,5,95.50,M,red,Waterproof,2026-02-07,
PolarShield Gloves,RidgeWorks,Gloves,5,95.50,M,red,Insulated,2026-02-07,
PolarShield Gloves,RidgeWorks,Gloves,5,95.50,L,red,Waterproof,2026-02-07,
PolarShield Gloves,RidgeWorks,Gloves,5,95.50,L,red,Insulated,2026-02-07,
PolarShield Gloves,RidgeWorks,Gloves,5,95.50,XL,red,Waterproof,2026-02-07,
PolarShield Gloves,RidgeWorks,Gloves,5,95.50,XL,red,Insulated,2026-02-07,
PolarShield Gloves,RidgeWorks,Gloves,5,95.50,XS,green,Waterproof,2026-02-07,
PolarShield Gloves,RidgeWorks,Gloves,5,95.50,XS,green,Insulated,2026-02-07,
PolarShield Gloves,RidgeWorks,Gloves,5,95.50,S,green,Waterproof,2026-02-07,
PolarShield Gloves,RidgeWorks,Gloves,5,95.50,S,green,Insulated,2026-02-07,
PolarShield Gloves,RidgeWorks,Gloves,5,95.50,M,green,Waterproof,2026-02-07,
PolarShield Gloves,RidgeWorks,Gloves,5,95.50,M,green,Insulated,2026-02-07,
PolarShield Gloves,RidgeWorks,Gloves,5,95.50,L,green,Waterproof,2026-02-07,
PolarShield Gloves,RidgeWorks,Gloves,5,95.50,L,green,Insulated,2026-02-07,
PolarShield Gloves,RidgeWorks,Gloves,5,95.50,XL,green,Waterproof,2026-02-07,
PolarShield Gloves,RidgeWorks,Gloves,5,95.50,XL,green,Insulated,2026-02-07,
PolarShield Gloves,RidgeWorks,Gloves,5,95.50,XS,blue,Waterproof,2026-02-07,
PolarShield Gloves,RidgeWorks,Gloves,5,95.50,XS,blue,Insulated,2026-02-07,
PolarShield Gloves,RidgeWorks,Gloves,5,95.50,S,blue,Waterproof,2026-02-07,
PolarShield Gloves,RidgeWorks,Gloves,5,95.50,S,blue,Insulated,2026-02-07,
PolarShield Gloves,RidgeWorks,Gloves,5,95.50,M,blue,Waterproof,2026-02-07,
PolarShield Gloves,RidgeWorks,Gloves,5,95.50,M,blue,Insulated,2026-02-07,
PolarShield Gloves,RidgeWorks,Gloves,5,95.50,L,blue,Waterproof,2026-02-07,
PolarShield Gloves,RidgeWorks,Gloves,5,95.50,L,blue,Insulated,2026-02-07,
PolarShield Gloves,RidgeWorks,Gloves,5,95.50,XL,blue,Waterproof,2026-02-07,
PolarShield Gloves,RidgeWorks,Gloves,5,95.50,XL,blue,Insulated,2026-02-07,
